{
    "MAX_LAT":59.467433,
    "MIN_LAT":57.669514,
    "MAX_LONG":28.235580,
    "MIN_LONG":23.569378,
    "WIDTH":852,
    "HEIGHT":626
}