{
    "MAX_LAT":59.58494,
    "MIN_LAT":58.91904,
    "MAX_LONG":26.15964,
    "MIN_LONG":23.56133,
    "WIDTH":1185,
    "HEIGHT":597
}